DateBeforeChange,DateAfterChange,Change,Ticker,Name,Sector,Exchange
20200520,20200521,1,WST,WEST PHARMACEUTICAL SERVICES INC,Health Care,New York Stock Exchange Inc.
20200508,20200511,1,DPZ,DOMINOS PIZZA INC,Consumer Discretionary,New York Stock Exchange Inc.
20200508,20200511,1,DXCM,DEXCOM INC,Health Care,NASDAQ
20200403,20200406,1,RTX,RAYTHEON TECHNOLOGIES CORP,Industrials,New York Stock Exchange Inc.
20200402,20200403,1,CARR,CARRIER GLOBAL CORP,Financials,New York Stock Exchange Inc.
20200402,20200403,1,OTIS,OTIS WORLDWIDE CORP,Industrials,New York Stock Exchange Inc.
20200402,20200403,1,RTX US,RAYTHEON TECHNOLOGIES CORP,Industrials,New York Stock Exchange Inc.
20200401,20200402,1,AON,Aon plc,Financials,New York Stock Exchange Inc.
20200401,20200402,1,ARNC,ARCONIC CORP,Materials,New York Stock Exchange Inc.
20200401,20200402,1,HWM,HOWMET AEROSPACE INC,Industrials,New York Stock Exchange Inc.
20200331,20200401,1,ARNC WI,ARCONIC CORP,Materials,New York Stock Exchange Inc.
20200331,20200401,1,HWM WI,HOWMET AEROSPACE,Industrials,New York Stock Exchange Inc.
20200228,20200302,1,IR,INGERSOLL RAND INC,Other,New York Stock Exchange Inc.
20200227,20200228,1,TT,TRANE TECHNOLOGIES PLC,Industrials,New York Stock Exchange Inc.
20200124,20200127,1,PAYC,PAYCOM SOFTWARE INC,Information Technology,New York Stock Exchange Inc.
20191219,20191220,1,LYV,LIVE NATION ENTERTAINMENT INC,Communication,New York Stock Exchange Inc.
20191219,20191220,1,STE,STERIS,Health Care,New York Stock Exchange Inc.
20191219,20191220,1,ZBRA,ZEBRA TECHNOLOGIES CORP CLASS A,Information Technology,NASDAQ
20191209,20191210,1,J,JACOBS ENGINEERING GROUP INC,Industrials,New York Stock Exchange Inc.
20191206,20191209,1,TFC,TRUIST FINANCIAL CORP,Financials,New York Stock Exchange Inc.
20191205,20191206,1,ODFL,OLD DOMINION FREIGHT LINE INC,Industrials,NASDAQ
20191204,20191205,1,VIAC,VIACOMCBS INC CLASS B,Communication,NASDAQ
20191203,20191204,1,WRB,WR BERKLEY CORP,Financials,New York Stock Exchange Inc.
20191125,20191126,1,DISHR,DISH NETWORK CORP CLASS A,Communication,NASDAQ
20191119,20191120,1,NOW,SERVICENOW INC,Information Technology,New York Stock Exchange Inc.
20191104,20191105,1,NLOK,NORTONLIFELOCK INC,Information Technology,NASDAQ
20191104,20191105,1,PEAK,HEALTHPEAK PROPERTIES INC,Real Estate,New York Stock Exchange Inc.
20191017,20191018,1,BKR,BAKER HUGHES COMPANY,Energy,New York Stock Exchange Inc.
20190930,20191007,1,LVS,LAS VEGAS SANDS CORP,Consumer Discretionary,New York Stock Exchange Inc.
20190924,20190925,1,NVR,NVR INC,Consumer Discretionary,New York Stock Exchange Inc.
20190919,20190920,1,CDW,CDW CORP,Information Technology,NASDAQ
20190808,20190809,1,GL,GLOBE LIFE INC,Financials,New York Stock Exchange Inc.
20190807,20190808,1,IEX,IDEX CORP,Industrials,New York Stock Exchange Inc.
20190807,20190808,1,LDOS,LEIDOS HOLDINGS INC,Information Technology,New York Stock Exchange Inc.
20190711,20190712,1,TMUS,T MOBILE US INC,Communication,NASDAQ
20190628,20190701,1,LHX,L3HARRIS TECHNOLOGIES INC,Industrials,New York Stock Exchange Inc.
20190627,20190628,1,MKTX,MARKETAXESS HOLDINGS INC,Financials,NASDAQ
20190610,20190611,1,AMCR,AMCOR PLC,Materials,New York Stock Exchange Inc.
20190605,20190606,1,BMS,BEMIS INC,Materials,New York Stock Exchange Inc.
20190531,20190603,1,CTVA,CORTEVA INC,Materials,New York Stock Exchange Inc.
20190531,20190603,1,DD,DUPONT DE NEMOURS INC WHEN ISSUED,Materials,New York Stock Exchange Inc.
20190401,20190402,1,DOW,DOW INC,Materials,New York Stock Exchange Inc.
20190318,20190319,1,TFCF,TWENTY-FIRST CENTURY FOX INC CLASS,Communication,NASDAQ
20190318,20190319,1,TFCFA,TWENTY FIRST CENTURY FOX INC CLASS,Communication,NASDAQ
20190225,20190226,1,WAB,WESTINGHOUSE AIR BRAKE TECHNOLOGIE,Industrials,New York Stock Exchange Inc.
20190213,20190214,1,ATO,ATMOS ENERGY CORP,Utilities,New York Stock Exchange Inc.
20190116,20190117,1,TFX,TELEFLEX INC,Health Care,New York Stock Exchange Inc.
20181231,20190102,1,CPRI,CAPRI HOLDINGS LTD,Consumer Discretionary,New York Stock Exchange Inc.
20181228,20181231,1,FRC,FIRST REPUBLIC BANK,Financials,New York Stock Exchange Inc.
20181220,20181221,1,CE,CELANESE CORP,Materials,New York Stock Exchange Inc.
20181129,20181130,1,FANG,DIAMONDBACK ENERGY INC,Energy,NASDAQ
20181129,20181130,1,LW,LAMB WESTON HOLDINGS INC,Consumer Staples,New York Stock Exchange Inc.
20181129,20181130,1,MXIM,MAXIM INTEGRATED PRODUCTS INC,Information Technology,NASDAQ
20181109,20181112,1,JKHY,JACK HENRY ANS ASSOCIATES INC,Information Technology,NASDAQ
20181102,20181105,1,KEYS,KEYSIGHT TECHNOLOGIES INC,Information Technology,New York Stock Exchange Inc.
20181030,20181031,1,LIN,LINDE PLC,Materials,New York Stock Exchange Inc.
20181009,20181010,1,FTNT,FORTINET INC,Information Technology,NASDAQ
20180927,20180928,1,ROL,ROLLINS INC,Industrials,New York Stock Exchange Inc.
20180913,20180914,1,WCG,WELLCARE HEALTHCARE PLANS INC,Health Care,New York Stock Exchange Inc.
20180824,20180827,1,ANET,ARISTA NETWORKS INC,Information Technology,New York Stock Exchange Inc.
20180628,20180629,1,CPRT,COPART INC,Industrials,NASDAQ
20180619,20180620,1,PRSP,PERSPECTA INC,Information Technology,New York Stock Exchange Inc.
20180618,20180619,1,FLT,FLEETCOR TECHNOLOGIES INC,Information Technology,New York Stock Exchange Inc.
20180614,20180615,1,BR,BROADRIDGE FINANCIAL SOLUTIONS INC,Information Technology,New York Stock Exchange Inc.
20180614,20180615,1,HFC,HOLLYFRONTIER CORP,Energy,New York Stock Exchange Inc.
20180605,20180606,1,TWTR,TWITTER INC,Information Technology,New York Stock Exchange Inc.
20180604,20180605,1,EVRG,EVERGY INC,Utilities,New York Stock Exchange Inc.
20180601,20180604,1,WR,WESTAR ENERGY INC,Utilities,New York Stock Exchange Inc.
20180529,20180530,1,ABMD,ABIOMED INC,Health Care,NASDAQ
20180523,20180524,1,JEF,JEFFERIES FINANCIAL GROUP INC,Financials,New York Stock Exchange Inc.
20180402,20180403,1,MSCI,MSCI INC,Financials,New York Stock Exchange Inc.
20180319,20180320,1,CBRE,CBRE GROUP INC CLASS A,Real Estate,New York Stock Exchange Inc.
20180315,20180316,1,NKTR,NEKTAR THERAPEUTICS,Health Care,NASDAQ
20180315,20180316,1,SIVB,SVB FINANCIAL GROUP,Financials,NASDAQ
20180315,20180316,1,TTWO,TAKE TWO INTERACTIVE SOFTWARE INC,Information Technology,NASDAQ
20180305,20180306,1,IPGP,IPG PHOTONICS CORP,Information Technology,NASDAQ
20180227,20180228,1,WELL,WELLTOWER INC,Real Estate,New York Stock Exchange Inc.
20180226,20180227,1,BKNG,BOOKING HOLDINGS INC,Consumer Discretionary,NASDAQ
20171229,20180102,1,HII,HUNTINGTON INGALLS INDUSTRIES INC,Industrials,New York Stock Exchange Inc.
20171226,20171227,1,DLPH,DELPHI TECHNOLOGIES PLC,Consumer Discretionary,New York Stock Exchange Inc.
20171204,20171205,1,APTV,APTIV PLC,Consumer Discretionary,New York Stock Exchange Inc.
20171114,20171115,1,IQV,IQVIA HOLDINGS INC,Health Care,New York Stock Exchange Inc.
20171108,20171109,1,LENB,LENNAR CORP CLASS B,Consumer Discretionary,New York Stock Exchange Inc.
20171030,20171031,1,TPR,TAPESTRY INC,Consumer Discretionary,New York Stock Exchange Inc.
20171011,20171012,1,NCLH,NORWEGIAN CRUISE LINE HOLDINGS LTD,Consumer Discretionary,NASDAQ
20170914,20170915,1,CDNS,CADENCE DESIGN SYSTEMS INC,Information Technology,NASDAQ
20170831,20170901,1,DWDP,DOWDUPONT INC,Materials,New York Stock Exchange Inc.
20170831,20170901,1,MFGP,MICRO FOCUS INTERNATIONAL ADR PLC,Information Technology,New York Stock Exchange Inc.
20170830,20170831,1,SBAC,SBA COMMUNICATIONS REIT CORP CLASS,Real Estate,NASDAQ
20170825,20170828,1,Q,QUINTILES IMS INC,Health Care,New York Stock Exchange Inc.
20170804,20170807,1,BHF,BRIGHTHOUSE FINANCIAL INC,Financials,NASDAQ
20170731,20170801,1,ANDV,ANDEAVOR,Energy,New York Stock Exchange Inc.
20170724,20170725,1,AOS,A O SMITH CORP,Industrials,New York Stock Exchange Inc.
20170724,20170725,1,BTI,BRITISH AMERICAN TOBACCO ADR REPRE,Consumer Staples,New York Stock Exchange Inc.
20170724,20170725,1,DRE,DUKE REALTY REIT CORP,Real Estate,New York Stock Exchange Inc.
20170724,20170725,1,MGM,MGM RESORTS INTERNATIONAL,Consumer Discretionary,New York Stock Exchange Inc.
20170724,20170725,1,PKG,PACKAGING CORP OF AMERICA CORP,Materials,New York Stock Exchange Inc.
20170724,20170725,1,RMD,RESMED INC,Health Care,New York Stock Exchange Inc.
20170703,20170705,1,BHGE,BAKER HUGHES A GE COMPANY CLASS A,Energy,New York Stock Exchange Inc.
20170615,20170616,1,ALGN,ALIGN TECHNOLOGY INC,Health Care,NASDAQ
20170615,20170616,1,ANSS,ANSYS INC,Information Technology,NASDAQ
20170615,20170616,1,HLT,HILTON WORLDWIDE HOLDINGS INC,Consumer Discretionary,New York Stock Exchange Inc.
20170615,20170616,1,RE,EVEREST RE GROUP LTD,Financials,New York Stock Exchange Inc.
20170531,20170601,1,INFO,IHS MARKIT LTD,Industrials,NASDAQ
20170406,20170407,1,BFB,BROWN FORMAN CORP CLASS B,Consumer Staples,New York Stock Exchange Inc.
20170403,20170404,1,DXC,DXC TECHNOLOGY,Industrials,New York Stock Exchange Inc.
20170403,20170404,1,IT,GARTNER INC.,Information Technology,New York Stock Exchange Inc.
20170331,20170403,1,DXC WI,DXC TECHNOLOGY COMPANY,Industrials,New York Stock Exchange Inc.
20170228,20170324,1,AMD,ADVANCED MICRO DEVICES INC,Information Technology,NASDAQ
20170228,20170324,1,ARE,ALEXANDRIA REAL ESTATE EQUITIES IN,Real Estate,New York Stock Exchange Inc.
20170228,20170324,1,DISH,DISH NETWORK CORP CLASS A,Consumer Discretionary,NASDAQ
20170228,20170324,1,REG,REGENCY CENTERS REIT CORP,Real Estate,New York Stock Exchange Inc.
20170228,20170324,1,RJF,RAYMOND JAMES FINANCIAL INC.,Financials,New York Stock Exchange Inc.
20170228,20170324,1,SNPS,SYNOPSYS INC,Information Technology,NASDAQ
20170131,20170228,1,CBOE,CBOE HOLDINGS INC.,Financials,NASDAQ
20170131,20170228,1,INCY,INCYTE CORP,Health Care,NASDAQ
20161230,20170131,1,IDXX,IDEXX LABORATORIES INC.,Health Care,NASDAQ
20161130,20161230,1,EVHC,ENVISION HEALTHCARE CORP,Health Care,New York Stock Exchange Inc.
20161130,20161230,1,MAA,MID-AMERICA APARTMENT COMMUNITIES,Real Estate,New York Stock Exchange Inc.
20161130,20161230,1,UAA,UNDER ARMOUR INC CLASS A,Consumer Discretionary,New York Stock Exchange Inc.
20161031,20161130,1,ARNC,ARCONIC INC INC,Industrials,New York Stock Exchange Inc.
20160831,20160930,1,CHTR,CHARTER COMMUNICATIONS INC CLASS A,Consumer Discretionary,NASDAQ
20160831,20160930,1,COO,COOPER COS.,Health Care,New York Stock Exchange Inc.
20160831,20160930,1,COTY,COTY INC CLASS A,Consumer Staples,New York Stock Exchange Inc.
20160831,20160930,1,MTD,METTLER TOLEDO INC,Health Care,New York Stock Exchange Inc.
20160630,20160729,1,FTV,FORTIVE CORP,Industrials,New York Stock Exchange Inc.
20160531,20160630,1,ALB,ALBEMARLE CORP.,Materials,New York Stock Exchange Inc.
20160531,20160630,1,FBHS,FORTUNE BRANDS HOME & SECURITY INC,Industrials,New York Stock Exchange Inc.
20160531,20160630,1,LNT,ALLIANT ENERGY CORP,Utilities,New York Stock Exchange Inc.
20160531,20160630,1,TDG,TRANSDIGM GROUP INC,Industrials,New York Stock Exchange Inc.
20160429,20160531,1,AJG,ARTHUR J GALLAGHER,Financials,New York Stock Exchange Inc.
20160429,20160531,1,ALK,ALASKA AIR GROUP INC,Industrials,New York Stock Exchange Inc.
20160429,20160531,1,AYI,ACUITY BRANDS INC.,Industrials,New York Stock Exchange Inc.
20160429,20160531,1,DLR,DIGITAL REALTY TRUST REIT INC TRUS,Financials,New York Stock Exchange Inc.
20160429,20160531,1,LKQ,LKQ CORP,Consumer Discretionary,NASDAQ
20160331,20160429,1,FL,FOOT LOCKER INC,Consumer Discretionary,New York Stock Exchange Inc.
20160331,20160429,1,GPN,GLOBAL PAYMENTS INC.,Information Technology,New York Stock Exchange Inc.
20160331,20160429,1,SPGI,S&P GLOBAL INC,Financials,New York Stock Exchange Inc.
20160331,20160429,1,UAC/C,UNDER ARMOUR INC CLASS C,Consumer Discretionary,New York Stock Exchange Inc.
20160331,20160429,1,ULTA,ULTA SALON COSMETICS & FRAGRANCE I,Consumer Discretionary,NASDAQ
20160229,20160331,1,AWK,AMERICAN WATER WORKS INC,Utilities,New York Stock Exchange Inc.
20160229,20160331,1,CNC,CENTENE CORP.,Health Care,New York Stock Exchange Inc.
20160229,20160331,1,HOLX,HOLOGIC INC.,Health Care,NASDAQ
20160229,20160331,1,UDR,UDR INC.,Financials,New York Stock Exchange Inc.
20160129,20160229,1,CRC,CALIFORNIA RESOURCES CORP,Energy,New York Stock Exchange Inc.
20160129,20160229,1,CXO,CONCHO RESOURCES INC,Energy,New York Stock Exchange Inc.
20151231,20160129,1,CFG,CITIZENS FINANCIAL GROUP INC,Financials,New York Stock Exchange Inc.
20151231,20160129,1,EXR,EXTRA SPACE STORAGE INC.,Financials,New York Stock Exchange Inc.
20151231,20160129,1,FRT,FEDERAL REALTY INVESTMENT TRUST RE,Financials,New York Stock Exchange Inc.
20151231,20160129,1,WLTW,WILLIS TOWERS WATSON PLC,Financials,NASDAQ
20151130,20151231,1,CHD,CHURCH AND DWIGHT INC,Consumer Staples,New York Stock Exchange Inc.
20151030,20151130,1,CSRA,CSRA INC,Information Technology,New York Stock Exchange Inc.
20151030,20151130,1,HPE,HEWLETT PACKARD ENTERPRISE,Information Technology,New York Stock Exchange Inc.
20151030,20151130,1,ILMN,ILLUMINA INC,Health Care,NASDAQ
20151030,20151130,1,SYF,SYNCHRONY FINANCIAL,Financials,New York Stock Exchange Inc.
20151030,20151130,1,SYF-W,SYNCHRONY FINANCIAL - WHEN ISSUED,Financials,New York Stock Exchange Inc.
20150930,20151030,1,VRSK,VERISK ANALYTICS INC,Industrials,NASDAQ
20150831,20150930,1,CMCSK,COMCAST SPECIAL CORP CLASS A,Consumer Discretionary,NASDAQ
20150831,20150930,1,FOX,TWENTY-FIRST CENTURY FOX INC CLASS,Consumer Discretionary,NASDAQ
20150831,20150930,1,NWS,NEWS CORP CLASS B,Consumer Discretionary,NASDAQ
20150831,20150930,1,UAL,UNITED CONTINENTAL HOLDINGS INC,Industrials,New York Stock Exchange Inc.
20150731,20150831,1,ATVI,ACTIVISION BLIZZARD INC,Information Technology,NASDAQ
20150630,20150731,1,AAP,ADVANCE AUTO PARTS INC,Consumer Discretionary,New York Stock Exchange Inc.
20150630,20150731,1,BXLT,BAXALTA INC,Health Care,New York Stock Exchange Inc.
20150630,20150731,1,CPGX,COLUMBIA PIPELINE GROUP INC,Energy,New York Stock Exchange Inc.
20150630,20150731,1,KHC,KRAFT HEINZ,Consumer Staples,NASDAQ
20150630,20150731,1,PYPL,PAYPAL HOLDINGS INC,Information Technology,NASDAQ
20150630,20150731,1,SIG,SIGNET JEWELERS LTD,Consumer Discretionary,New York Stock Exchange Inc.
20150630,20150731,1,WRK,WESTROCK,Materials,New York Stock Exchange Inc.
20150529,20150630,1,AGN,ALLERGAN ORD,Health Care,New York Stock Exchange Inc.
20150529,20150630,1,BLD WI,TOPBUILD CORP WHEN ISSUED,Consumer Discretionary,New York Stock Exchange Inc.
20150529,20150630,1,CC WI,CHEMOURS ORD WHEN ISSUED,Materials,New York Stock Exchange Inc.
20150529,20150630,1,JBHT,JB HUNT TRANSPORT SERVICES INC,Industrials,NASDAQ
20150529,20150630,1,QRVO,QORVO INC,Information Technology,NASDAQ
20150529,20150630,1,TGNA,TEGNA INC,Consumer Discretionary,New York Stock Exchange Inc.
20150529,20150630,1,ZBH,ZIMMER BIOMET HOLDINGS INC,Health Care,New York Stock Exchange Inc.
20150331,20150430,1,BF.B,BROWN FORMAN CORP CLASS B,Consumer Staples,New York Stock Exchange Inc.
20150331,20150430,1,O,REALTY INCOME REIT CORP,Financials,New York Stock Exchange Inc.
20150227,20150331,1,AAL,AMERICAN AIRLINES GROUP INC,Industrials,NASDAQ
20150227,20150331,1,EQIX,EQUINIX REIT INC,Information Technology,NASDAQ
20150227,20150331,1,HBI,HANESBRANDS INC,Consumer Discretionary,New York Stock Exchange Inc.
20150227,20150331,1,HSIC,HENRY SCHEIN INC,Health Care,NASDAQ
20150227,20150331,1,SLG,SL GREEN REALTY REIT CORP,Financials,New York Stock Exchange Inc.
20150227,20150331,1,SWKS,SKYWORKS SOLUTIONS INC,Information Technology,NASDAQ
20150130,20150227,1,ES,EVERSOURCE ENERGY,Utilities,New York Stock Exchange Inc.
20141231,20150130,1,ENDP,ENDO INTERNATIONAL PLC,Health Care,NASDAQ
20141231,20150130,1,HCA,HCA HOLDINGS INC,Health Care,New York Stock Exchange Inc.
20141128,20141231,1,ANTM,ANTHEM INC,Health Care,New York Stock Exchange Inc.
20141128,20141231,1,RCL,ROYAL CARIBBEAN CRUISES LTD,Consumer Discretionary,New York Stock Exchange Inc.
20141128,20141231,1,WBA,WALGREEN BOOTS ALLIANCE ORD,Consumer Discretionary,NASDAQ
20141031,20141128,1,ACE,ACE LTD,Financials,New York Stock Exchange Inc.
20141031,20141128,1,ACT,ACTAVIS PLC,Health Care,New York Stock Exchange Inc.
20141031,20141128,1,BF/B,BROWN FORMAN CORP CLASS B,Consumer Staples,New York Stock Exchange Inc.
20141031,20141128,1,CRC,CALIFORNIA RESOURCES CORP,Energy,New York Stock Exchange Inc.
20141031,20141128,1,GCI,GANNETT INC,Consumer Discretionary,New York Stock Exchange Inc.
20141031,20141128,1,LVLT,LEVEL COMMUNICATIONS INC,Telecommunications,New York Stock Exchange Inc.
20141031,20141128,1,NU,NORTHEAST UTILITIES,Utilities,New York Stock Exchange Inc.
20141031,20141128,1,UA,UNDER ARMOUR A INC,Consumer Discretionary,New York Stock Exchange Inc.
20141031,20141128,1,WLP,WELLPOINT INC,Health Care,New York Stock Exchange Inc.
20141031,20141128,1,YHOO,YAHOO! INC,Information Technology,NASDAQ
20141031,20141128,1,ZMH,ZIMMER HOLDINGS INC,Health Care,New York Stock Exchange Inc.
20140829,20140930,1,UHS,UNIVERSAL HEALTH SERVICES INC CLAS,Health Care,New York Stock Exchange Inc.
20140829,20140930,1,URI,UNITED RENTALS INC,Industrials,New York Stock Exchange Inc.
20140731,20140829,1,DISCK,DISCOVERY COMMUNICATIONS INC SERIE,Consumer Discretionary,NASDAQ
20140731,20140829,1,MNK,MALLINCKRODT,Health Care,New York Stock Exchange Inc.
20140630,20140731,1,AMG,AFFILIATED MANAGERS GROUP INC,Financials,New York Stock Exchange Inc.
20140630,20140731,1,MLM,MARTIN MARIETTA MATERIALS INC,Materials,New York Stock Exchange Inc.
20140530,20140630,1,XEC,CIMAREX ENERGY,Energy,New York Stock Exchange Inc.
20140430,20140530,1,AVGO,AVAGO TECHNOLOGIES LTD,Information Technology,NASDAQ
20140430,20140530,1,GOOG,GOOGLE INC CLASS C,Information Technology,NASDAQ
20140430,20140530,1,INTC,INTEL CORPORATION CORP,Information Technology,NASDAQ
20140430,20140530,1,NAVI,NAVIENT CORP,Financials,NASDAQ
20140430,20140530,1,UAA,UNDER ARMOUR INC CLASS A,Consumer Discretionary,New York Stock Exchange Inc.
20140430,20140530,1,WPG,WASHINGTON PRIME GROUP INC,Financials,New York Stock Exchange Inc.
20140430,20140530,1,X,US STEEL CORP CORP,Materials,New York Stock Exchange Inc.
20140331,20140430,1,ESS,ESSEX PROPERTY TRUST REIT INC TRUS,Financials,New York Stock Exchange Inc.
20140331,20140430,1,GGQ7,GOOGLE INC CLASS C,Information Technology,Deutsche Boerse Xetra
20140331,20140430,1,HAWKB,BLACKHAWK NETWORK HOLDINGS INC CLA,Financials,NASDAQ
20140228,20140331,1,ACT,ACTAVIS INC.,Health Care,New York Stock Exchange Inc.
20140228,20140331,1,AFL,AFLAC INC,Financials,New York Stock Exchange Inc.
20140228,20140331,1,AGN,ALLERGAN INC,-,New York Stock Exchange Inc.
20140228,20140331,1,APC,ANADARKO PETROLEUM CORP,Energy,New York Stock Exchange Inc.
20140228,20140331,1,AXP,AMERICAN EXPRESS,Financials,New York Stock Exchange Inc.
20140228,20140331,1,CME,CME GROUP INC CLASS A,Financials,NASDAQ
20140228,20140331,1,DFS,DISCOVER FINANCIAL SERVICES,Financials,New York Stock Exchange Inc.
20140228,20140331,1,ESRX,EXPRESS SCRIPTS HOLDING,Health Care,NASDAQ
20140228,20140331,1,GE,GENERAL ELECTRIC,Industrials,New York Stock Exchange Inc.
20140228,20140331,1,GMCR,KEURIG GREEN MOUNTAIN INC,-,NASDAQ
20140228,20140331,1,HON,HONEYWELL INTERNATIONAL INC,Industrials,New York Stock Exchange Inc.
20140228,20140331,1,L,LOEWS CORP,Financials,New York Stock Exchange Inc.
20140228,20140331,1,LMT,LOCKHEED MARTIN CORP,Industrials,New York Stock Exchange Inc.
20140228,20140331,1,MDLZ,MONDELEZ INTERNATIONAL INC CLASS A,-,NASDAQ
20140228,20140331,1,MET,METLIFE INC,Financials,New York Stock Exchange Inc.
20140228,20140331,1,MPC,MARATHON PETROLEUM CORP,Energy,New York Stock Exchange Inc.
20140228,20140331,1,MTB,M&T BANK CORP,Financials,New York Stock Exchange Inc.
20140228,20140331,1,NOC,NORTHROP GRUMMAN CORP,Industrials,New York Stock Exchange Inc.
20140228,20140331,1,QCOM,QUALCOMM INC,Information Technology,NASDAQ
20140228,20140331,1,RF,REGIONS FINANCIAL CORP,Financials,New York Stock Exchange Inc.
20140228,20140331,1,RTN,RAYTHEON,Industrials,New York Stock Exchange Inc.
20140228,20140331,1,SCHW,CHARLES SCHWAB CORP,Financials,New York Stock Exchange Inc.
20140228,20140331,1,SLB,SCHLUMBERGER NV,Energy,New York Stock Exchange Inc.
20140228,20140331,1,THC,TENET HEALTHCARE CORP,Health Care,New York Stock Exchange Inc.
20140228,20140331,1,TRV,TRAVELERS COMPANIES INC,Financials,New York Stock Exchange Inc.
20140228,20140331,1,TWC,TIME WARNER CABLE INC,Consumer Discretionary,New York Stock Exchange Inc.
20140228,20140331,1,UNM,UNUM,Financials,New York Stock Exchange Inc.
20140228,20140331,1,V,VISA INC CLASS A,Information Technology,New York Stock Exchange Inc.
20131231,20140131,1,TSCO,TRACTOR SUPPLY,Consumer Discretionary,NASDAQ
20131129,20131231,1,ADS,ALLIANCE DATA SYSTEMS CORP,Information Technology,New York Stock Exchange Inc.
20131129,20131231,1,ALLE,ALLEGION PLC,Industrials,New York Stock Exchange Inc.
20131129,20131231,1,FB,FACEBOOK CLASS A INC,Information Technology,Bolsa Mexicana De Valores
20131129,20131231,1,GGP,GGP INC,-,New York Stock Exchange Inc.
20131129,20131231,1,MHK,MOHAWK INDUSTRIES INC,Consumer Discretionary,New York Stock Exchange Inc.
20131031,20131129,1,KORS,MICHAEL KORS HOLDINGS LTD,Consumer Discretionary,New York Stock Exchange Inc.
20130930,20131031,1,A60,ACTAVIS INC,Health Care,Boerse Berlin
20130930,20131031,1,RIG,TRANSOCEAN LTD,Energy,New York Stock Exchange Inc.
20130830,20130930,1,AME,AMETEK INC,Industrials,New York Stock Exchange Inc.
20130830,20130930,1,DAL,DELTA AIR LINES INC,Industrials,New York Stock Exchange Inc.
20130830,20130930,1,VRTX,VERTEX PHARMACEUTICALS INC,Health Care,SIX Swiss Exchange
20130628,20130731,1,FOXA,TWENTY FIRST CENTURY FOX INC CLASS,Consumer Discretionary,NASDAQ
20130628,20130731,1,NLSN,NIELSEN HOLDINGS NV,Industrials,New York Stock Exchange Inc.
20130628,20130731,1,NWSA,NEWS CORP CLASS A,Consumer Discretionary,NASDAQ
20130531,20130628,1,GM,GENERAL MOTORS,Consumer Discretionary,New York Stock Exchange Inc.
20130531,20130628,1,ZTS,ZOETIS INC CLASS A,Health Care,New York Stock Exchange Inc.
20130430,20130531,1,KSU,KANSAS CITY SOUTHERN,Industrials,New York Stock Exchange Inc.
20130430,20130531,1,MAC,MACERICH REIT,Financials,New York Stock Exchange Inc.
20130430,20130531,1,REGN,REGENERON PHARMACEUTICALS INC,Health Care,NASDAQ
20130328,20130430,1,COV,COVIDIEN,Health Care,New York Stock Exchange Inc.
20130228,20130328,1,LB,L BRANDS INC,-,New York Stock Exchange Inc.
20130131,20130228,1,CWGL,CRIMSON WINE GROUP LTD,Consumer Staples,Non-Nms Quotation Service (Nnqs)
20130131,20130228,1,PVH,PVH CORP,Consumer Discretionary,New York Stock Exchange Inc.
20121231,20130131,1,ABBV,ABBVIE INC,Health Care,Nyse Euronext - Euronext Paris
20121231,20130131,1,ACT,ACTAVIS INC.,Health Care,New York Stock Exchange Inc.
20121231,20130131,1,ETN,EATON PLC,Industrials,New York Stock Exchange Inc.
20121130,20121231,1,3EC,EATON PLC,Industrials,Deutsche Boerse Xetra
20121130,20121231,1,DG,DOLLAR GENERAL CORP,Consumer Discretionary,New York Stock Exchange Inc.
20121130,20121231,1,DLPH,DELPHI AUTOMOTIVE PLC,Consumer Discretionary,New York Stock Exchange Inc.
20121130,20121231,1,GRMN,GARMIN LTD,Consumer Discretionary,NASDAQ
20120928,20121031,1,ADT,ADT CORPORATION,Industrials,New York Stock Exchange Inc.
20120928,20121031,1,KRFT,KRAFT FOODS GROUP INC,Consumer Staples,NASDAQ
20120928,20121031,1,KTF,MONDELEZ INTERNATIONAL INC CLASS A,Consumer Staples,Boerse Stuttgart
20120928,20121031,1,PETM,PETSMART INC,Consumer Discretionary,NASDAQ
20120928,20121031,1,PNR,PENTAIR LTD,Industrials,New York Stock Exchange Inc.
20120928,20121031,1,THC1,TENET HEALTHCARE CORP,Health Care,Boerse Berlin
20120831,20120928,1,LYB,LYONDELLBASELL INDUSTRIES NV CLASS,Materials,New York Stock Exchange Inc.
20120629,20120731,1,ESV,ENSCO PLC CLASS A,Energy,New York Stock Exchange Inc.
20120629,20120731,1,STX,SEAGATE TECHNOLOGY PLC,Information Technology,NASDAQ
20120531,20120629,1,LRCX,LAM RESEARCH CORP,Information Technology,NASDAQ
20120531,20120629,1,MNST,MONSTER BEVERAGE CORP,Consumer Staples,NASDAQ
20120430,20120531,1,6COP,COVIDIEN,Health Care,Boerse Berlin
20120430,20120531,1,ALXN,ALEXION PHARMACEUTICALS INC,Health Care,NASDAQ
20120430,20120531,1,KMI,KINDER MORGAN INC,Energy,New York Stock Exchange Inc.
20120430,20120531,1,KMI WS,KINDER MORGAN EQUITY WARRANTS EXP,Energy,New York Stock Exchange Inc.
20120430,20120531,1,PSX,PHILLIPS,Energy,New York Stock Exchange Inc.
20120330,20120430,1,4XS,EXPRESS SCRIPTS HOLDING,Health Care,Deutsche Boerse Xetra
20120330,20120430,1,FOSL,FOSSIL GROUP INC.,Consumer Discretionary,NASDAQ
20120229,20120330,1,CCI,CROWN CASTLE INTERNATIONAL REIT CO,Telecommunication Services,New York Stock Exchange Inc.
20111230,20120131,1,COV,COVIDIEN,Health Care,New York Stock Exchange Inc.
20111230,20120131,1,WPX,WPX ENERGY INC,Energy,New York Stock Exchange Inc.
20111130,20111230,1,6COP,COVIDIEN,Health Care,Boerse Berlin
20111130,20111230,1,BWA,BORGWARNER INC,Consumer Discretionary,New York Stock Exchange Inc.
20111130,20111230,1,DLTR,DOLLAR TREE INC,Consumer Discretionary,NASDAQ
20111130,20111230,1,GAS,AGL RESOURCES INC.,Utilities,New York Stock Exchange Inc.
20111130,20111230,1,OSHSQ,ORCHARD SUPPLY HARDWARE STORES PRE,Consumer Discretionary,Non-Nms Quotation Service (Nnqs)
20111130,20111230,1,OSHWQ,ORCHARD SUPPLY HARDWARE STORES COR,Consumer Discretionary,Non-Nms Quotation Service (Nnqs)
20111130,20111230,1,PRGO,PERRIGO COMPANY,Health Care,New York Stock Exchange Inc.
20111130,20111230,1,TRIP,TRIPADVISOR INC,Consumer Discretionary,NASDAQ
20111031,20111130,1,CBE,COOPER INDUSTRIES PLC CL A,Industrials,New York Stock Exchange Inc.
20111031,20111130,1,XYL,XYLEM INC,Industrials,New York Stock Exchange Inc.
20110930,20111031,1,BEAM,BEAM INC,Consumer Staples,New York Stock Exchange Inc.
20110930,20111031,1,TEL,TE CONNECTIVITY LTD,Information Technology,New York Stock Exchange Inc.
20110831,20110930,1,MOS,MOSAIC CO,Materials,Bolsa Mexicana De Valores
20110630,20110729,1,ACN,ACCENTURE PLC CLASS A,Information Technology,New York Stock Exchange Inc.
20110630,20110729,1,MPN,MARATHON PETROLEUM CORP,Energy,Boerse Stuttgart
20110531,20110630,1,ANRZQ,ALPHA NATURAL RESOURCES INC,Energy,Non-Nms Quotation Service (Nnqs)
20110531,20110630,1,PLD,PROLOGIS REIT INC,Financials,New York Stock Exchange Inc.
20110429,20110531,1,C,CITIGROUP INC,Financials,New York Stock Exchange Inc.
20110331,20110429,1,BLK,BLACKROCK INC,Financials,New York Stock Exchange Inc.
20110331,20110429,1,CMG,CHIPOTLE MEXICAN GRILL INC,Consumer Discretionary,New York Stock Exchange Inc.
20110331,20110429,1,EW,EDWARDS LIFESCIENCES CORP,Health Care,New York Stock Exchange Inc.
20110228,20110331,1,COV,COVIDIEN,Health Care,New York Stock Exchange Inc.
20110228,20110331,1,HII,HUNTINGTON INGALLS INDUSTRIES INC,Industrials,New York Stock Exchange Inc.
20110131,20110228,1,JOY,JOY GLOBAL INC,Industrials,New York Stock Exchange Inc.
20101231,20110131,1,MMI,MOTOROLA MOBILITY HOLDINGS INC.,Information Technology,New York Stock Exchange Inc.
20101231,20110131,1,MSI,MOTOROLA SOLUTIONS INC,Information Technology,New York Stock Exchange Inc.
20101231,20110131,1,NE,NOBLE CORP.,Energy,New York Stock Exchange Inc.
20101130,20101231,1,CVC,CABLEVISION SYSTEMS CORP CLASS A,Consumer Discretionary,New York Stock Exchange Inc.
20101130,20101231,1,FFIV,F5 NETWORKS INC,Information Technology,NASDAQ
20101130,20101231,1,NFLX,NETFLIX INC,Consumer Discretionary,NASDAQ
20101130,20101231,1,NFX,NEWFIELD EXPLORATION,Energy,New York Stock Exchange Inc.
20101029,20101130,1,IR,INGERSOLL RAND PLC,Industrials,New York Stock Exchange Inc.
20100730,20100831,1,TYC,TYCO INTERNATIONAL LTD,Industrials,New York Stock Exchange Inc.
20100630,20100730,1,QEP,QEP RESOURCES INC,Energy,New York Stock Exchange Inc.
20100528,20100630,1,KMX,CARMAX INC,Consumer Discretionary,New York Stock Exchange Inc.
20100331,20100430,1,CERN,CERNER CORP,Health Care,NASDAQ
20100226,20100331,1,DISCA,DISCOVERY COMMUNICATIONS INC SERIE,Consumer Discretionary,NASDAQ
20100226,20100331,1,HP,HELMERICH & PAYNE INC,Energy,New York Stock Exchange Inc.
20100226,20100331,1,OKE,ONEOK INC,Utilities,New York Stock Exchange Inc.
20100129,20100226,1,BRKB,BERKSHIRE HATHAWAY INC CLASS B,Financials,New York Stock Exchange Inc.
20100129,20100226,1,URBN,URBAN OUTFITTERS INC,Consumer Discretionary,NASDAQ
20091231,20100129,1,NRG,NRG ENERGY INC,Utilities,New York Stock Exchange Inc.
20091130,20091231,1,CLF,CLIFFS NATURAL RESOURCES INC,Materials,New York Stock Exchange Inc.
20091130,20091231,1,LDOS,SAIC INC,Information Technology,New York Stock Exchange Inc.
20091130,20091231,1,MJN,MEAD JOHNSON NUTRITION,Consumer Staples,New York Stock Exchange Inc.
20091130,20091231,1,ROP,ROPER TECHNOLOGIES INC,Industrials,New York Stock Exchange Inc.
20091130,20091231,1,ROST,ROSS STORES INC,Consumer Discretionary,NASDAQ
20091130,20091231,1,VISA,VISA INC,Information Technology,Spot Regulated Market - Bvb
20091030,20091130,1,PCLN,THE PRICELINE GROUP INC,Consumer Discretionary,NASDAQ
20090930,20091030,1,FSLR,FIRST SOLAR INC,Industrials,NASDAQ
20090831,20090930,1,ARG,AIRGAS INC,Materials,New York Stock Exchange Inc.
20090831,20090930,1,CFN,CAREFUSION CORP,Health Care,New York Stock Exchange Inc.
20090731,20090831,1,FMC,FMC CORP,Materials,New York Stock Exchange Inc.
20090630,20090731,1,PWR,QUANTA SERVICES INC,Industrials,New York Stock Exchange Inc.
20090630,20090731,1,RHT,RED HAT INC,Information Technology,New York Stock Exchange Inc.
20090630,20090731,1,WDC,WESTERN DIGITAL CORP,Information Technology,NASDAQ
20090529,20090630,1,DV,DEVRY EDUCATION GROUP INC,Consumer Discretionary,New York Stock Exchange Inc.
20090529,20090630,1,FTI,FMC TECHNOLOGIES INC,Energy,New York Stock Exchange Inc.
20090529,20090630,1,PCS,METROPCS COMMUNICATIONS INC.,Telecommunication Services,New York Stock Exchange Inc.
20090430,20090529,1,AVNW,AVIAT NETWORKS INC,Information Technology,NASDAQ
20090331,20090430,1,DNR,DENBURY RESOURCES INC,Energy,New York Stock Exchange Inc.
20090227,20090331,1,ES,NORTHEAST UTILITIES,Utilities,New York Stock Exchange Inc.
20090227,20090331,1,HRL,HORMEL FOODS CORP,Consumer Staples,New York Stock Exchange Inc.
20090227,20090331,1,ORLY,OREILLY AUTOMOTIVE INC.,Consumer Discretionary,NASDAQ
20090227,20090331,1,T3W1,TIME WARNER CABLE-A,Consumer Discretionary,Boerse Berlin
20090227,20090331,1,VTR,VENTAS REIT INC,Financials,New York Stock Exchange Inc.
20090130,20090227,1,DO,DIAMOND OFFSHORE DRILLING INC,Energy,New York Stock Exchange Inc.
20081231,20090130,1,FLIR,FLIR SYSTEMS INC,Information Technology,NASDAQ
20081231,20090130,1,HCN,HEALTH CARE REIT INC,Financials,New York Stock Exchange Inc.
20081231,20090130,1,IRM,IRON MOUNTAIN INC,Industrials,New York Stock Exchange Inc.
20081231,20090130,1,OI,OWENS ILLINOIS INC,Materials,New York Stock Exchange Inc.
20081231,20090130,1,SCG,SCANA CORP,Utilities,New York Stock Exchange Inc.
20081128,20081231,1,DNB,DUN & BRADSTREET CORP,Industrials,New York Stock Exchange Inc.
20081128,20081231,1,EQT,EQT CORP,Utilities,New York Stock Exchange Inc.
20081128,20081231,1,MFE,MCAFEE,Information Technology,New York Stock Exchange Inc.
20081128,20081231,1,RSG,REPUBLIC SERVICES INC,Industrials,New York Stock Exchange Inc.
20081031,20081128,1,CEPH,CEPHALON INC,Health Care,NASDAQ
20081031,20081128,1,LIFE,LIFE TECHNOLOGIES CORP,Health Care,NASDAQ
20081031,20081128,1,PBCT,PEOPLES UNITED FINANCIAL INC,Financials,NASDAQ
20081031,20081128,1,SJM,JM SMUCKER,Consumer Staples,New York Stock Exchange Inc.
20081031,20081128,1,SRCL,STERICYCLE INC,Industrials,NASDAQ
20081031,20081128,1,WYNN,WYNN RESORTS LTD,Consumer Discretionary,NASDAQ
20081031,20081128,1,XRAY,DENTSPLY SIRONA INC,Health Care,NASDAQ
20080930,20081031,1,DPS,DR PEPPER SNAPPLE GROUP INC,Consumer Staples,New York Stock Exchange Inc.
20080930,20081031,1,FLS,FLOWSERVE CORP,Industrials,New York Stock Exchange Inc.
20080930,20081031,1,NDAQ,NASDAQ INC,Financials,NASDAQ
20080930,20081031,1,WEC,WEC ENERGY GROUP INC,Utilities,New York Stock Exchange Inc.
20080829,20080930,1,APH,AMPHENOL CORP CLASS A,Information Technology,New York Stock Exchange Inc.
20080829,20080930,1,CRM,SALESFORCE.COM INC,Information Technology,New York Stock Exchange Inc.
20080829,20080930,1,FAST,FASTENAL,Industrials,NASDAQ
20080829,20080930,1,HRS,HARRIS CORP,Information Technology,New York Stock Exchange Inc.
20080829,20080930,1,PXD,PIONEER NATURAL RESOURCE,Energy,New York Stock Exchange Inc.
20080829,20080930,1,WEN,WENDYS/ARBYS GROUP INC.,Consumer Discretionary,New York Stock Exchange Inc.
20080731,20080829,1,CF,CF INDUSTRIES HOLDINGS INC,Materials,New York Stock Exchange Inc.
20080731,20080829,1,IVZ,INVESCO LTD,Financials,New York Stock Exchange Inc.
20080630,20080731,1,AKS,AK STEEL HOLDING CORP,Materials,New York Stock Exchange Inc.
20080630,20080731,1,DVA,DAVITA INC,Health Care,New York Stock Exchange Inc.
20080630,20080731,1,MA,MASTERCARD INC CLASS A,Information Technology,New York Stock Exchange Inc.
20080630,20080731,1,SNI,SCRIPPS NETWORKS INTERACTIVE INC C,Consumer Discretionary,NASDAQ
20080530,20080630,1,COG,CABOT OIL & GAS CORP,Energy,New York Stock Exchange Inc.
20080530,20080630,1,ISRG,INTUITIVE SURGICAL INC,Health Care,NASDAQ
20080530,20080630,1,LO,LORILLARD INC,Consumer Staples,New York Stock Exchange Inc.
20080530,20080630,1,MEE,MASSEY ENERGY CO.,Energy,New York Stock Exchange Inc.
20080530,20080630,1,SWN,SOUTHWESTERN ENERGY,Energy,New York Stock Exchange Inc.
20080229,20080331,1,HCP,HCP REIT INC,Financials,New York Stock Exchange Inc.
20080229,20080331,1,PM,PHILIP MORRIS INTERNATIONAL INC,Consumer Staples,New York Stock Exchange Inc.
20071231,20080131,1,CAM,CAMERON INTERNATIONAL CORP,Energy,-
20071231,20080131,1,TSS,TOTAL SYSTEM SERVICES INC,Information Technology,New York Stock Exchange Inc.
20071130,20071231,1,GHC,GRAHAM HOLDINGS COMPANY CO CLASS B,Consumer Discretionary,New York Stock Exchange Inc.
20071130,20071231,1,GME,GAMESTOP CORP CLASS A,Consumer Discretionary,New York Stock Exchange Inc.
20071130,20071231,1,RRC,RANGE RESOURCES CORP,Energy,New York Stock Exchange Inc.
20071031,20071130,1,AMT,AMERICAN TOWER CORP.,Telecommunication Services,New York Stock Exchange Inc.
20071031,20071130,1,MTW,MANITOWOC INC,Industrials,New York Stock Exchange Inc.
20071031,20071130,1,MV,METAVANTE TECHNOLOGIES INC.,Information Technology,New York Stock Exchange Inc.
20071031,20071130,1,POM,PEPCO HOLDINGS INC,Utilities,New York Stock Exchange Inc.
20071031,20071130,1,TT,TRANE INC.,Industrials,New York Stock Exchange Inc.
20070928,20071031,1,EXPD,EXPEDITORS INTERNATIONAL OF WASHIN,Industrials,NASDAQ
20070928,20071031,1,EXPE,EXPEDIA INC.,Consumer Discretionary,NASDAQ
20070928,20071031,1,JEC,JACOBS ENGINEERING GROUP INC,Industrials,New York Stock Exchange Inc.
20070928,20071031,1,NBL,NOBLE ENERGY INC,Energy,New York Stock Exchange Inc.
20070928,20071031,1,NYX,NYSE EURONEXT,Financials,New York Stock Exchange Inc.
20070928,20071031,1,TDC,TERADATA CORP,Information Technology,New York Stock Exchange Inc.
20070928,20071031,1,TIE,TITANIUM METALS CORP.,Materials,New York Stock Exchange Inc.
20070831,20070928,1,ICE,INTERCONTINENTALEXCHANGE INC.,Financials,New York Stock Exchange Inc.
20070831,20070928,1,MCHP,MICROCHIP TECHNOLOGY INC,Information Technology,NASDAQ
20070831,20070928,1,TSO,ANDEAVOR CORP,Energy,New York Stock Exchange Inc.
20070731,20070831,1,LUK,LEUCADIA NATIONAL CORP,Financials,New York Stock Exchange Inc.
20070629,20070731,1,ACAS,AMERICAN CAPITAL LTD.,Financials,NASDAQ
20070629,20070731,1,AKAM,AKAMAI TECHNOLOGIES INC,Information Technology,NASDAQ
20070629,20070731,1,COV,COVIDIEN LTD.,Health Care,New York Stock Exchange Inc.
20070629,20070731,1,DC7,DISCOVER FINANCIAL SERVICES,Financials,Boerse Berlin
20070629,20070731,1,GGP,GENERAL GROWTH PROPERTIES INC.,Financials,New York Stock Exchange Inc.
20070629,20070731,1,TEL,TYCO ELECTRONICS LTD.,Information Technology,New York Stock Exchange Inc.
20070531,20070629,1,PCP,PRECISION CASTPARTS CORP,Industrials,-
20070430,20070531,1,WFR,MEMC ELECTRONIC MATERIALS INC.,Information Technology,New York Stock Exchange Inc.
20070330,20070430,1,AIZ,ASSURANT INC,Financials,New York Stock Exchange Inc.
20070330,20070430,1,DYNIQ,DYNEGY INC.,Utilities,Non-Nms Quotation Service (Nnqs)
20070330,20070430,1,KFT,KRAFT FOODS INC A,Consumer Staples,NASDAQ
20070228,20070330,1,ANF,ABERCROMBIE AND FITCH CLASS A,-,New York Stock Exchange Inc.
20070228,20070330,1,CHRW,CH ROBINSON WORLDWIDE INC,-,NASDAQ
20070228,20070330,1,DDR,DEVELOPERS DIVERSIFIED REALTY CORP,-,New York Stock Exchange Inc.
20070228,20070330,1,HST,HOST HOTELS & RESORTS REIT INC,-,New York Stock Exchange Inc.
20070131,20070228,1,HCBK,HUDSON CITY BANCORP INC,-,NASDAQ
20070131,20070228,1,RL,POLO RALPH LAUREN CORP.,-,New York Stock Exchange Inc.
20070131,20070228,1,TEG,INTEGRYS ENERGY GROUP INC.,-,New York Stock Exchange Inc.
20070131,20070228,1,VAR,VARIAN MEDICAL SYSTEMS INC,-,New York Stock Exchange Inc.
20061229,20070131,1,AVB,AVALONBAY COMMUNITIES REIT INC,-,New York Stock Exchange Inc.
20061229,20070131,1,ESV,ENSCO INTL PLC,-,New York Stock Exchange Inc.
20061229,20070131,1,SE,SPECTRA ENERGY CORP,-,New York Stock Exchange Inc.
20061130,20061229,1,DTV,DIRECTV GROUP INC.,-,NASDAQ
20061130,20061229,1,IAC,IAC INTERACTIVE,-,NASDAQ
20061130,20061229,1,STR,QUESTAR CORP,-,-
20061130,20061229,1,TEX,TEREX CORP,-,New York Stock Exchange Inc.
20061031,20061130,1,BTU,PEABODY ENERGY CORP,-,New York Stock Exchange Inc.
20061031,20061130,1,CBG,CB RICHARD ELLIS GROUP INC. (CL A),-,New York Stock Exchange Inc.
20061031,20061130,1,CELG,CELGENE CORP,-,NASDAQ
20061031,20061130,1,CTSH,COGNIZANT TECHNOLOGY SOLUTIONS COR,-,NASDAQ
20061031,20061130,1,FIS,FIDELITY NATIONAL INFORMATION SERV,-,New York Stock Exchange Inc.
20060929,20061031,1,SII,SMITH INTERNATIONAL,-,New York Stock Exchange Inc.
20060929,20061031,1,WU,WESTERN UNION,-,New York Stock Exchange Inc.